{
    "chart": {
        "title": {
            "color": "#444444"
        },
        "legend": {
            "labels": {
                "color": "#444444"
            }
        },
        "chartArea": {},
        "seriesDefaults": {
            "labels": {
                "color": "#444444"
            }
        },
        "axisDefaults": {
            "line": {
                "color": "#e5e5e5"
            },
            "labels": {
                "color": "#444444"
            },
            "minorGridLines": {
                "color": "#e5e5e5"
            },
            "majorGridLines": {
                "color": "#e5e5e5"
            },
            "title": {
                "color": "#444444"
            }
        },
        "seriesColors": [
            "#3f51b5",
            "#03a9f4",
            "#4caf50",
            "#f9ce1d",
            "#ff9800",
            "#ff5722"
        ]
    },
    "gauge": {
        "pointer": {
            "color": "#3f51b5"
        },
        "scale": {
            "rangePlaceholderColor": "#c4c4c4",
            "labels": {
                "color": "#444444"
            },
            "minorTicks": {
                "color": "#444444"
            },
            "majorTicks": {
                "color": "#444444"
            },
            "line": {
                "color": "#444444"
            }
        }
    }
}